{
  "backprop" : true,
  "backpropType" : "Standard",
  "cacheMode" : "NONE",
  "defaultConfiguration" : {
    "cacheMode" : "NONE",
    "iterationCount" : 0,
    "l1ByParam" : { },
    "l2ByParam" : { },
    "layer" : null,
    "leakyreluAlpha" : 0.0,
    "learningRateByParam" : { },
    "learningRatePolicy" : "Schedule",
    "lrPolicyDecayRate" : "NaN",
    "lrPolicyPower" : "NaN",
    "lrPolicySteps" : "NaN",
    "maxNumLineSearchIterations" : 5,
    "miniBatch" : true,
    "minimize" : true,
    "numIterations" : 1,
    "optimizationAlgo" : "STOCHASTIC_GRADIENT_DESCENT",
    "pretrain" : false,
    "seed" : 123,
    "stepFunction" : null,
    "useDropConnect" : false,
    "useRegularization" : true,
    "variables" : [ "conv_1_W", "conv_1_b", "conv_2_W", "conv_2_b", "fc_W", "fc_b", "output_W", "output_b" ]
  },
  "inferenceWorkspaceMode" : "SEPARATE",
  "iterationCount" : 3750,
  "networkInputs" : [ "in" ],
  "networkOutputs" : [ "output" ],
  "pretrain" : false,
  "tbpttBackLength" : 20,
  "tbpttFwdLength" : 20,
  "trainingWorkspaceMode" : "NONE",
  "vertexInputs" : {
    "conv_1" : [ "in" ],
    "pool_1" : [ "conv_1" ],
    "conv_2" : [ "pool_1" ],
    "pool_2" : [ "conv_2" ],
    "fc" : [ "pool_2" ],
    "output" : [ "fc" ]
  },
  "vertices" : {
    "conv_1" : {
      "LayerVertex" : {
        "layerConf" : {
          "cacheMode" : "NONE",
          "iterationCount" : 0,
          "l1ByParam" : {
            "b" : 0.0,
            "W" : 0.0
          },
          "l2ByParam" : {
            "b" : 0.0,
            "W" : 5.0E-4
          },
          "layer" : {
            "convolution" : {
              "activationFn" : {
                "Identity" : { }
              },
              "adamMeanDecay" : "NaN",
              "adamVarDecay" : "NaN",
              "biasInit" : 0.0,
              "biasLearningRate" : 0.01,
              "convolutionMode" : "Truncate",
              "cudnnAlgoMode" : "PREFER_FASTEST",
              "cudnnBwdDataAlgo" : null,
              "cudnnBwdFilterAlgo" : null,
              "cudnnFwdAlgo" : null,
              "dist" : null,
              "dropOut" : 0.0,
              "epsilon" : "NaN",
              "gradientNormalization" : "None",
              "gradientNormalizationThreshold" : 1.0,
              "iupdater" : {
                "@class" : "org.nd4j.linalg.learning.config.Nesterovs",
                "learningRate" : 0.001,
                "momentum" : 0.9
              },
              "kernelSize" : [ 5, 5 ],
              "l1" : 0.0,
              "l1Bias" : 0.0,
              "l2" : 5.0E-4,
              "l2Bias" : 0.0,
              "layerName" : "conv_1",
              "learningRate" : 0.01,
              "learningRateSchedule" : {
                "0" : 0.01,
                "1000" : 0.005,
                "3000" : 0.001
              },
              "momentum" : 0.9,
              "momentumSchedule" : { },
              "nin" : 1,
              "nout" : 20,
              "padding" : [ 0, 0 ],
              "rho" : "NaN",
              "rmsDecay" : "NaN",
              "stride" : [ 1, 1 ],
              "updater" : "NESTEROVS",
              "weightInit" : "XAVIER"
            }
          },
          "leakyreluAlpha" : 0.0,
          "learningRateByParam" : {
            "b" : 0.001,
            "W" : 0.001
          },
          "learningRatePolicy" : "Schedule",
          "lrPolicyDecayRate" : "NaN",
          "lrPolicyPower" : "NaN",
          "lrPolicySteps" : "NaN",
          "maxNumLineSearchIterations" : 5,
          "miniBatch" : true,
          "minimize" : true,
          "numIterations" : 1,
          "optimizationAlgo" : "STOCHASTIC_GRADIENT_DESCENT",
          "pretrain" : false,
          "seed" : 123,
          "stepFunction" : null,
          "useDropConnect" : false,
          "useRegularization" : true,
          "variables" : [ "W", "b" ]
        },
        "outputVertex" : false,
        "preProcessor" : {
          "feedForwardToCnn" : {
            "inputHeight" : 28,
            "inputWidth" : 28,
            "numChannels" : 1
          }
        }
      }
    },
    "pool_1" : {
      "LayerVertex" : {
        "layerConf" : {
          "cacheMode" : "NONE",
          "iterationCount" : 0,
          "l1ByParam" : { },
          "l2ByParam" : { },
          "layer" : {
            "subsampling" : {
              "convolutionMode" : "Truncate",
              "dropOut" : 0.0,
              "eps" : 1.0E-8,
              "kernelSize" : [ 2, 2 ],
              "layerName" : "pool_1",
              "padding" : [ 0, 0 ],
              "pnorm" : 0,
              "poolingType" : "MAX",
              "stride" : [ 2, 2 ]
            }
          },
          "leakyreluAlpha" : 0.0,
          "learningRateByParam" : { },
          "learningRatePolicy" : "Schedule",
          "lrPolicyDecayRate" : "NaN",
          "lrPolicyPower" : "NaN",
          "lrPolicySteps" : "NaN",
          "maxNumLineSearchIterations" : 5,
          "miniBatch" : true,
          "minimize" : true,
          "numIterations" : 1,
          "optimizationAlgo" : "STOCHASTIC_GRADIENT_DESCENT",
          "pretrain" : false,
          "seed" : 123,
          "stepFunction" : null,
          "useDropConnect" : false,
          "useRegularization" : true,
          "variables" : [ ]
        },
        "outputVertex" : false,
        "preProcessor" : null
      }
    },
    "conv_2" : {
      "LayerVertex" : {
        "layerConf" : {
          "cacheMode" : "NONE",
          "iterationCount" : 0,
          "l1ByParam" : {
            "b" : 0.0,
            "W" : 0.0
          },
          "l2ByParam" : {
            "b" : 0.0,
            "W" : 5.0E-4
          },
          "layer" : {
            "convolution" : {
              "activationFn" : {
                "Identity" : { }
              },
              "adamMeanDecay" : "NaN",
              "adamVarDecay" : "NaN",
              "biasInit" : 0.0,
              "biasLearningRate" : 0.01,
              "convolutionMode" : "Truncate",
              "cudnnAlgoMode" : "PREFER_FASTEST",
              "cudnnBwdDataAlgo" : null,
              "cudnnBwdFilterAlgo" : null,
              "cudnnFwdAlgo" : null,
              "dist" : null,
              "dropOut" : 0.0,
              "epsilon" : "NaN",
              "gradientNormalization" : "None",
              "gradientNormalizationThreshold" : 1.0,
              "iupdater" : {
                "@class" : "org.nd4j.linalg.learning.config.Nesterovs",
                "learningRate" : 0.01,
                "momentum" : 0.9
              },
              "kernelSize" : [ 5, 5 ],
              "l1" : 0.0,
              "l1Bias" : 0.0,
              "l2" : 5.0E-4,
              "l2Bias" : 0.0,
              "layerName" : "conv_2",
              "learningRate" : 0.01,
              "learningRateSchedule" : {
                "0" : 0.01,
                "1000" : 0.005,
                "3000" : 0.001
              },
              "momentum" : 0.9,
              "momentumSchedule" : { },
              "nin" : 20,
              "nout" : 50,
              "padding" : [ 0, 0 ],
              "rho" : "NaN",
              "rmsDecay" : "NaN",
              "stride" : [ 1, 1 ],
              "updater" : "NESTEROVS",
              "weightInit" : "XAVIER"
            }
          },
          "leakyreluAlpha" : 0.0,
          "learningRateByParam" : {
            "b" : 0.001,
            "W" : 0.001
          },
          "learningRatePolicy" : "Schedule",
          "lrPolicyDecayRate" : "NaN",
          "lrPolicyPower" : "NaN",
          "lrPolicySteps" : "NaN",
          "maxNumLineSearchIterations" : 5,
          "miniBatch" : true,
          "minimize" : true,
          "numIterations" : 1,
          "optimizationAlgo" : "STOCHASTIC_GRADIENT_DESCENT",
          "pretrain" : false,
          "seed" : 123,
          "stepFunction" : null,
          "useDropConnect" : false,
          "useRegularization" : true,
          "variables" : [ "W", "b" ]
        },
        "outputVertex" : false,
        "preProcessor" : null
      }
    },
    "pool_2" : {
      "LayerVertex" : {
        "layerConf" : {
          "cacheMode" : "NONE",
          "iterationCount" : 0,
          "l1ByParam" : { },
          "l2ByParam" : { },
          "layer" : {
            "subsampling" : {
              "convolutionMode" : "Truncate",
              "dropOut" : 0.0,
              "eps" : 1.0E-8,
              "kernelSize" : [ 2, 2 ],
              "layerName" : "pool_2",
              "padding" : [ 0, 0 ],
              "pnorm" : 0,
              "poolingType" : "MAX",
              "stride" : [ 2, 2 ]
            }
          },
          "leakyreluAlpha" : 0.0,
          "learningRateByParam" : { },
          "learningRatePolicy" : "Schedule",
          "lrPolicyDecayRate" : "NaN",
          "lrPolicyPower" : "NaN",
          "lrPolicySteps" : "NaN",
          "maxNumLineSearchIterations" : 5,
          "miniBatch" : true,
          "minimize" : true,
          "numIterations" : 1,
          "optimizationAlgo" : "STOCHASTIC_GRADIENT_DESCENT",
          "pretrain" : false,
          "seed" : 123,
          "stepFunction" : null,
          "useDropConnect" : false,
          "useRegularization" : true,
          "variables" : [ ]
        },
        "outputVertex" : false,
        "preProcessor" : null
      }
    },
    "fc" : {
      "LayerVertex" : {
        "layerConf" : {
          "cacheMode" : "NONE",
          "iterationCount" : 0,
          "l1ByParam" : {
            "b" : 0.0,
            "W" : 0.0
          },
          "l2ByParam" : {
            "b" : 0.0,
            "W" : 5.0E-4
          },
          "layer" : {
            "dense" : {
              "activationFn" : {
                "ReLU" : { }
              },
              "adamMeanDecay" : "NaN",
              "adamVarDecay" : "NaN",
              "biasInit" : 0.0,
              "biasLearningRate" : 0.01,
              "dist" : null,
              "dropOut" : 0.0,
              "epsilon" : "NaN",
              "gradientNormalization" : "None",
              "gradientNormalizationThreshold" : 1.0,
              "iupdater" : {
                "@class" : "org.nd4j.linalg.learning.config.Nesterovs",
                "learningRate" : 0.01,
                "momentum" : 0.9
              },
              "l1" : 0.0,
              "l1Bias" : 0.0,
              "l2" : 5.0E-4,
              "l2Bias" : 0.0,
              "layerName" : "fc",
              "learningRate" : 0.01,
              "learningRateSchedule" : {
                "0" : 0.01,
                "1000" : 0.005,
                "3000" : 0.001
              },
              "momentum" : 0.9,
              "momentumSchedule" : { },
              "nin" : 800,
              "nout" : 500,
              "rho" : "NaN",
              "rmsDecay" : "NaN",
              "updater" : "NESTEROVS",
              "weightInit" : "XAVIER"
            }
          },
          "leakyreluAlpha" : 0.0,
          "learningRateByParam" : {
            "b" : 0.001,
            "W" : 0.001
          },
          "learningRatePolicy" : "Schedule",
          "lrPolicyDecayRate" : "NaN",
          "lrPolicyPower" : "NaN",
          "lrPolicySteps" : "NaN",
          "maxNumLineSearchIterations" : 5,
          "miniBatch" : true,
          "minimize" : true,
          "numIterations" : 1,
          "optimizationAlgo" : "STOCHASTIC_GRADIENT_DESCENT",
          "pretrain" : false,
          "seed" : 123,
          "stepFunction" : null,
          "useDropConnect" : false,
          "useRegularization" : true,
          "variables" : [ "W", "b" ]
        },
        "outputVertex" : false,
        "preProcessor" : {
          "cnnToFeedForward" : {
            "inputHeight" : 4,
            "inputWidth" : 4,
            "numChannels" : 50
          }
        }
      }
    },
    "output" : {
      "LayerVertex" : {
        "layerConf" : {
          "cacheMode" : "NONE",
          "iterationCount" : 0,
          "l1ByParam" : {
            "b" : 0.0,
            "W" : 0.0
          },
          "l2ByParam" : {
            "b" : 0.0,
            "W" : 5.0E-4
          },
          "layer" : {
            "output" : {
              "activationFn" : {
                "Softmax" : { }
              },
              "adamMeanDecay" : "NaN",
              "adamVarDecay" : "NaN",
              "biasInit" : 0.0,
              "biasLearningRate" : 0.01,
              "dist" : null,
              "dropOut" : 0.0,
              "epsilon" : "NaN",
              "gradientNormalization" : "None",
              "gradientNormalizationThreshold" : 1.0,
              "iupdater" : {
                "@class" : "org.nd4j.linalg.learning.config.Nesterovs",
                "learningRate" : 0.01,
                "momentum" : 0.9
              },
              "l1" : 0.0,
              "l1Bias" : 0.0,
              "l2" : 5.0E-4,
              "l2Bias" : 0.0,
              "layerName" : "output",
              "learningRate" : 0.01,
              "learningRateSchedule" : {
                "0" : 0.01,
                "1000" : 0.005,
                "3000" : 0.001
              },
              "lossFn" : {
                "NegativeLogLikelihood" : {
                  "softmaxClipEps" : 1.0E-10
                }
              },
              "lossFunction" : "NEGATIVELOGLIKELIHOOD",
              "momentum" : 0.9,
              "momentumSchedule" : { },
              "nin" : 500,
              "nout" : 10,
              "rho" : "NaN",
              "rmsDecay" : "NaN",
              "updater" : "NESTEROVS",
              "weightInit" : "XAVIER"
            }
          },
          "leakyreluAlpha" : 0.0,
          "learningRateByParam" : {
            "b" : 0.001,
            "W" : 0.001
          },
          "learningRatePolicy" : "Schedule",
          "lrPolicyDecayRate" : "NaN",
          "lrPolicyPower" : "NaN",
          "lrPolicySteps" : "NaN",
          "maxNumLineSearchIterations" : 5,
          "miniBatch" : true,
          "minimize" : true,
          "numIterations" : 1,
          "optimizationAlgo" : "STOCHASTIC_GRADIENT_DESCENT",
          "pretrain" : false,
          "seed" : 123,
          "stepFunction" : null,
          "useDropConnect" : false,
          "useRegularization" : true,
          "variables" : [ "W", "b" ]
        },
        "outputVertex" : false,
        "preProcessor" : null
      }
    }
  }
}